utc_start,interval_hours,dst_nt,status,source_url,source_section
2024-05-08T00:00:00Z,1,3,provisional,https://wdc.kugi.kyoto-u.ac.jp/dst_provisional/202405/index.html,"Hourly Equatorial Dst Values (PROVISIONAL), row DAY 8"
2024-05-08T01:00:00Z,1,5,provisional,https://wdc.kugi.kyoto-u.ac.jp/dst_provisional/202405/index.html,"Hourly Equatorial Dst Values (PROVISIONAL), row DAY 8"
2024-05-08T02:00:00Z,1,7,provisional,https://wdc.kugi.kyoto-u.ac.jp/dst_provisional/202405/index.html,"Hourly Equatorial Dst Values (PROVISIONAL), row DAY 8"
2024-05-08T03:00:00Z,1,5,provisional,https://wdc.kugi.kyoto-u.ac.jp/dst_provisional/202405/index.html,"Hourly Equatorial Dst Values (PROVISIONAL), row DAY 8"
2024-05-08T04:00:00Z,1,6,provisional,https://wdc.kugi.kyoto-u.ac.jp/dst_provisional/202405/index.html,"Hourly Equatorial Dst Values (PROVISIONAL), row DAY 8"
2024-05-08T05:00:00Z,1,9,provisional,https://wdc.kugi.kyoto-u.ac.jp/dst_provisional/202405/index.html,"Hourly Equatorial Dst Values (PROVISIONAL), row DAY 8"
2024-05-08T06:00:00Z,1,9,provisional,https://wdc.kugi.kyoto-u.ac.jp/dst_provisional/202405/index.html,"Hourly Equatorial Dst Values (PROVISIONAL), row DAY 8"
2024-05-08T07:00:00Z,1,9,provisional,https://wdc.kugi.kyoto-u.ac.jp/dst_provisional/202405/index.html,"Hourly Equatorial Dst Values (PROVISIONAL), row DAY 8"
2024-05-08T08:00:00Z,1,8,provisional,https://wdc.kugi.kyoto-u.ac.jp/dst_provisional/202405/index.html,"Hourly Equatorial Dst Values (PROVISIONAL), row DAY 8"
2024-05-08T09:00:00Z,1,9,provisional,https://wdc.kugi.kyoto-u.ac.jp/dst_provisional/202405/index.html,"Hourly Equatorial Dst Values (PROVISIONAL), row DAY 8"
2024-05-08T10:00:00Z,1,7,provisional,https://wdc.kugi.kyoto-u.ac.jp/dst_provisional/202405/index.html,"Hourly Equatorial Dst Values (PROVISIONAL), row DAY 8"
2024-05-08T11:00:00Z,1,7,provisional,https://wdc.kugi.kyoto-u.ac.jp/dst_provisional/202405/index.html,"Hourly Equatorial Dst Values (PROVISIONAL), row DAY 8"
2024-05-08T12:00:00Z,1,6,provisional,https://wdc.kugi.kyoto-u.ac.jp/dst_provisional/202405/index.html,"Hourly Equatorial Dst Values (PROVISIONAL), row DAY 8"
2024-05-08T13:00:00Z,1,4,provisional,https://wdc.kugi.kyoto-u.ac.jp/dst_provisional/202405/index.html,"Hourly Equatorial Dst Values (PROVISIONAL), row DAY 8"
2024-05-08T14:00:00Z,1,6,provisional,https://wdc.kugi.kyoto-u.ac.jp/dst_provisional/202405/index.html,"Hourly Equatorial Dst Values (PROVISIONAL), row DAY 8"
2024-05-08T15:00:00Z,1,5,provisional,https://wdc.kugi.kyoto-u.ac.jp/dst_provisional/202405/index.html,"Hourly Equatorial Dst Values (PROVISIONAL), row DAY 8"
2024-05-08T16:00:00Z,1,5,provisional,https://wdc.kugi.kyoto-u.ac.jp/dst_provisional/202405/index.html,"Hourly Equatorial Dst Values (PROVISIONAL), row DAY 8"
2024-05-08T17:00:00Z,1,3,provisional,https://wdc.kugi.kyoto-u.ac.jp/dst_provisional/202405/index.html,"Hourly Equatorial Dst Values (PROVISIONAL), row DAY 8"
2024-05-08T18:00:00Z,1,3,provisional,https://wdc.kugi.kyoto-u.ac.jp/dst_provisional/202405/index.html,"Hourly Equatorial Dst Values (PROVISIONAL), row DAY 8"
2024-05-08T19:00:00Z,1,5,provisional,https://wdc.kugi.kyoto-u.ac.jp/dst_provisional/202405/index.html,"Hourly Equatorial Dst Values (PROVISIONAL), row DAY 8"
2024-05-08T20:00:00Z,1,7,provisional,https://wdc.kugi.kyoto-u.ac.jp/dst_provisional/202405/index.html,"Hourly Equatorial Dst Values (PROVISIONAL), row DAY 8"
2024-05-08T21:00:00Z,1,11,provisional,https://wdc.kugi.kyoto-u.ac.jp/dst_provisional/202405/index.html,"Hourly Equatorial Dst Values (PROVISIONAL), row DAY 8"
2024-05-08T22:00:00Z,1,15,provisional,https://wdc.kugi.kyoto-u.ac.jp/dst_provisional/202405/index.html,"Hourly Equatorial Dst Values (PROVISIONAL), row DAY 8"
2024-05-08T23:00:00Z,1,14,provisional,https://wdc.kugi.kyoto-u.ac.jp/dst_provisional/202405/index.html,"Hourly Equatorial Dst Values (PROVISIONAL), row DAY 8"
2024-05-09T00:00:00Z,1,15,provisional,https://wdc.kugi.kyoto-u.ac.jp/dst_provisional/202405/index.html,"Hourly Equatorial Dst Values (PROVISIONAL), row DAY 9"
2024-05-09T01:00:00Z,1,17,provisional,https://wdc.kugi.kyoto-u.ac.jp/dst_provisional/202405/index.html,"Hourly Equatorial Dst Values (PROVISIONAL), row DAY 9"
2024-05-09T02:00:00Z,1,18,provisional,https://wdc.kugi.kyoto-u.ac.jp/dst_provisional/202405/index.html,"Hourly Equatorial Dst Values (PROVISIONAL), row DAY 9"
2024-05-09T03:00:00Z,1,15,provisional,https://wdc.kugi.kyoto-u.ac.jp/dst_provisional/202405/index.html,"Hourly Equatorial Dst Values (PROVISIONAL), row DAY 9"
2024-05-09T04:00:00Z,1,15,provisional,https://wdc.kugi.kyoto-u.ac.jp/dst_provisional/202405/index.html,"Hourly Equatorial Dst Values (PROVISIONAL), row DAY 9"
2024-05-09T05:00:00Z,1,14,provisional,https://wdc.kugi.kyoto-u.ac.jp/dst_provisional/202405/index.html,"Hourly Equatorial Dst Values (PROVISIONAL), row DAY 9"
2024-05-09T06:00:00Z,1,14,provisional,https://wdc.kugi.kyoto-u.ac.jp/dst_provisional/202405/index.html,"Hourly Equatorial Dst Values (PROVISIONAL), row DAY 9"
2024-05-09T07:00:00Z,1,13,provisional,https://wdc.kugi.kyoto-u.ac.jp/dst_provisional/202405/index.html,"Hourly Equatorial Dst Values (PROVISIONAL), row DAY 9"
2024-05-09T08:00:00Z,1,14,provisional,https://wdc.kugi.kyoto-u.ac.jp/dst_provisional/202405/index.html,"Hourly Equatorial Dst Values (PROVISIONAL), row DAY 9"
2024-05-09T09:00:00Z,1,15,provisional,https://wdc.kugi.kyoto-u.ac.jp/dst_provisional/202405/index.html,"Hourly Equatorial Dst Values (PROVISIONAL), row DAY 9"
2024-05-09T10:00:00Z,1,15,provisional,https://wdc.kugi.kyoto-u.ac.jp/dst_provisional/202405/index.html,"Hourly Equatorial Dst Values (PROVISIONAL), row DAY 9"
2024-05-09T11:00:00Z,1,17,provisional,https://wdc.kugi.kyoto-u.ac.jp/dst_provisional/202405/index.html,"Hourly Equatorial Dst Values (PROVISIONAL), row DAY 9"
2024-05-09T12:00:00Z,1,18,provisional,https://wdc.kugi.kyoto-u.ac.jp/dst_provisional/202405/index.html,"Hourly Equatorial Dst Values (PROVISIONAL), row DAY 9"
2024-05-09T13:00:00Z,1,21,provisional,https://wdc.kugi.kyoto-u.ac.jp/dst_provisional/202405/index.html,"Hourly Equatorial Dst Values (PROVISIONAL), row DAY 9"
2024-05-09T14:00:00Z,1,21,provisional,https://wdc.kugi.kyoto-u.ac.jp/dst_provisional/202405/index.html,"Hourly Equatorial Dst Values (PROVISIONAL), row DAY 9"
2024-05-09T15:00:00Z,1,18,provisional,https://wdc.kugi.kyoto-u.ac.jp/dst_provisional/202405/index.html,"Hourly Equatorial Dst Values (PROVISIONAL), row DAY 9"
2024-05-09T16:00:00Z,1,18,provisional,https://wdc.kugi.kyoto-u.ac.jp/dst_provisional/202405/index.html,"Hourly Equatorial Dst Values (PROVISIONAL), row DAY 9"
2024-05-09T17:00:00Z,1,20,provisional,https://wdc.kugi.kyoto-u.ac.jp/dst_provisional/202405/index.html,"Hourly Equatorial Dst Values (PROVISIONAL), row DAY 9"
2024-05-09T18:00:00Z,1,22,provisional,https://wdc.kugi.kyoto-u.ac.jp/dst_provisional/202405/index.html,"Hourly Equatorial Dst Values (PROVISIONAL), row DAY 9"
2024-05-09T19:00:00Z,1,22,provisional,https://wdc.kugi.kyoto-u.ac.jp/dst_provisional/202405/index.html,"Hourly Equatorial Dst Values (PROVISIONAL), row DAY 9"
2024-05-09T20:00:00Z,1,21,provisional,https://wdc.kugi.kyoto-u.ac.jp/dst_provisional/202405/index.html,"Hourly Equatorial Dst Values (PROVISIONAL), row DAY 9"
2024-05-09T21:00:00Z,1,20,provisional,https://wdc.kugi.kyoto-u.ac.jp/dst_provisional/202405/index.html,"Hourly Equatorial Dst Values (PROVISIONAL), row DAY 9"
2024-05-09T22:00:00Z,1,20,provisional,https://wdc.kugi.kyoto-u.ac.jp/dst_provisional/202405/index.html,"Hourly Equatorial Dst Values (PROVISIONAL), row DAY 9"
2024-05-09T23:00:00Z,1,17,provisional,https://wdc.kugi.kyoto-u.ac.jp/dst_provisional/202405/index.html,"Hourly Equatorial Dst Values (PROVISIONAL), row DAY 9"
2024-05-10T00:00:00Z,1,12,provisional,https://wdc.kugi.kyoto-u.ac.jp/dst_provisional/202405/index.html,"Hourly Equatorial Dst Values (PROVISIONAL), row DAY 10"
2024-05-10T01:00:00Z,1,10,provisional,https://wdc.kugi.kyoto-u.ac.jp/dst_provisional/202405/index.html,"Hourly Equatorial Dst Values (PROVISIONAL), row DAY 10"
2024-05-10T02:00:00Z,1,12,provisional,https://wdc.kugi.kyoto-u.ac.jp/dst_provisional/202405/index.html,"Hourly Equatorial Dst Values (PROVISIONAL), row DAY 10"
2024-05-10T03:00:00Z,1,21,provisional,https://wdc.kugi.kyoto-u.ac.jp/dst_provisional/202405/index.html,"Hourly Equatorial Dst Values (PROVISIONAL), row DAY 10"
2024-05-10T04:00:00Z,1,16,provisional,https://wdc.kugi.kyoto-u.ac.jp/dst_provisional/202405/index.html,"Hourly Equatorial Dst Values (PROVISIONAL), row DAY 10"
2024-05-10T05:00:00Z,1,7,provisional,https://wdc.kugi.kyoto-u.ac.jp/dst_provisional/202405/index.html,"Hourly Equatorial Dst Values (PROVISIONAL), row DAY 10"
2024-05-10T06:00:00Z,1,9,provisional,https://wdc.kugi.kyoto-u.ac.jp/dst_provisional/202405/index.html,"Hourly Equatorial Dst Values (PROVISIONAL), row DAY 10"
2024-05-10T07:00:00Z,1,16,provisional,https://wdc.kugi.kyoto-u.ac.jp/dst_provisional/202405/index.html,"Hourly Equatorial Dst Values (PROVISIONAL), row DAY 10"
2024-05-10T08:00:00Z,1,13,provisional,https://wdc.kugi.kyoto-u.ac.jp/dst_provisional/202405/index.html,"Hourly Equatorial Dst Values (PROVISIONAL), row DAY 10"
2024-05-10T09:00:00Z,1,15,provisional,https://wdc.kugi.kyoto-u.ac.jp/dst_provisional/202405/index.html,"Hourly Equatorial Dst Values (PROVISIONAL), row DAY 10"
2024-05-10T10:00:00Z,1,13,provisional,https://wdc.kugi.kyoto-u.ac.jp/dst_provisional/202405/index.html,"Hourly Equatorial Dst Values (PROVISIONAL), row DAY 10"
2024-05-10T11:00:00Z,1,3,provisional,https://wdc.kugi.kyoto-u.ac.jp/dst_provisional/202405/index.html,"Hourly Equatorial Dst Values (PROVISIONAL), row DAY 10"
2024-05-10T12:00:00Z,1,-1,provisional,https://wdc.kugi.kyoto-u.ac.jp/dst_provisional/202405/index.html,"Hourly Equatorial Dst Values (PROVISIONAL), row DAY 10"
2024-05-10T13:00:00Z,1,1,provisional,https://wdc.kugi.kyoto-u.ac.jp/dst_provisional/202405/index.html,"Hourly Equatorial Dst Values (PROVISIONAL), row DAY 10"
2024-05-10T14:00:00Z,1,10,provisional,https://wdc.kugi.kyoto-u.ac.jp/dst_provisional/202405/index.html,"Hourly Equatorial Dst Values (PROVISIONAL), row DAY 10"
2024-05-10T15:00:00Z,1,23,provisional,https://wdc.kugi.kyoto-u.ac.jp/dst_provisional/202405/index.html,"Hourly Equatorial Dst Values (PROVISIONAL), row DAY 10"
2024-05-10T16:00:00Z,1,25,provisional,https://wdc.kugi.kyoto-u.ac.jp/dst_provisional/202405/index.html,"Hourly Equatorial Dst Values (PROVISIONAL), row DAY 10"
2024-05-10T17:00:00Z,1,66,provisional,https://wdc.kugi.kyoto-u.ac.jp/dst_provisional/202405/index.html,"Hourly Equatorial Dst Values (PROVISIONAL), row DAY 10"
2024-05-10T18:00:00Z,1,-33,provisional,https://wdc.kugi.kyoto-u.ac.jp/dst_provisional/202405/index.html,"Hourly Equatorial Dst Values (PROVISIONAL), row DAY 10"
2024-05-10T19:00:00Z,1,-131,provisional,https://wdc.kugi.kyoto-u.ac.jp/dst_provisional/202405/index.html,"Hourly Equatorial Dst Values (PROVISIONAL), row DAY 10"
2024-05-10T20:00:00Z,1,-157,provisional,https://wdc.kugi.kyoto-u.ac.jp/dst_provisional/202405/index.html,"Hourly Equatorial Dst Values (PROVISIONAL), row DAY 10"
2024-05-10T21:00:00Z,1,-277,provisional,https://wdc.kugi.kyoto-u.ac.jp/dst_provisional/202405/index.html,"Hourly Equatorial Dst Values (PROVISIONAL), row DAY 10"
2024-05-10T22:00:00Z,1,-339,provisional,https://wdc.kugi.kyoto-u.ac.jp/dst_provisional/202405/index.html,"Hourly Equatorial Dst Values (PROVISIONAL), row DAY 10"
2024-05-10T23:00:00Z,1,-308,provisional,https://wdc.kugi.kyoto-u.ac.jp/dst_provisional/202405/index.html,"Hourly Equatorial Dst Values (PROVISIONAL), row DAY 10"
2024-05-11T00:00:00Z,1,-313,provisional,https://wdc.kugi.kyoto-u.ac.jp/dst_provisional/202405/index.html,"Hourly Equatorial Dst Values (PROVISIONAL), row DAY 11"
2024-05-11T01:00:00Z,1,-390,provisional,https://wdc.kugi.kyoto-u.ac.jp/dst_provisional/202405/index.html,"Hourly Equatorial Dst Values (PROVISIONAL), row DAY 11"
2024-05-11T02:00:00Z,1,-406,provisional,https://wdc.kugi.kyoto-u.ac.jp/dst_provisional/202405/index.html,"Hourly Equatorial Dst Values (PROVISIONAL), row DAY 11"
2024-05-11T03:00:00Z,1,-395,provisional,https://wdc.kugi.kyoto-u.ac.jp/dst_provisional/202405/index.html,"Hourly Equatorial Dst Values (PROVISIONAL), row DAY 11"
2024-05-11T04:00:00Z,1,-389,provisional,https://wdc.kugi.kyoto-u.ac.jp/dst_provisional/202405/index.html,"Hourly Equatorial Dst Values (PROVISIONAL), row DAY 11"
2024-05-11T05:00:00Z,1,-358,provisional,https://wdc.kugi.kyoto-u.ac.jp/dst_provisional/202405/index.html,"Hourly Equatorial Dst Values (PROVISIONAL), row DAY 11"
2024-05-11T06:00:00Z,1,-320,provisional,https://wdc.kugi.kyoto-u.ac.jp/dst_provisional/202405/index.html,"Hourly Equatorial Dst Values (PROVISIONAL), row DAY 11"
2024-05-11T07:00:00Z,1,-374,provisional,https://wdc.kugi.kyoto-u.ac.jp/dst_provisional/202405/index.html,"Hourly Equatorial Dst Values (PROVISIONAL), row DAY 11"
2024-05-11T08:00:00Z,1,-364,provisional,https://wdc.kugi.kyoto-u.ac.jp/dst_provisional/202405/index.html,"Hourly Equatorial Dst Values (PROVISIONAL), row DAY 11"
2024-05-11T09:00:00Z,1,-297,provisional,https://wdc.kugi.kyoto-u.ac.jp/dst_provisional/202405/index.html,"Hourly Equatorial Dst Values (PROVISIONAL), row DAY 11"
2024-05-11T10:00:00Z,1,-318,provisional,https://wdc.kugi.kyoto-u.ac.jp/dst_provisional/202405/index.html,"Hourly Equatorial Dst Values (PROVISIONAL), row DAY 11"
2024-05-11T11:00:00Z,1,-268,provisional,https://wdc.kugi.kyoto-u.ac.jp/dst_provisional/202405/index.html,"Hourly Equatorial Dst Values (PROVISIONAL), row DAY 11"
2024-05-11T12:00:00Z,1,-258,provisional,https://wdc.kugi.kyoto-u.ac.jp/dst_provisional/202405/index.html,"Hourly Equatorial Dst Values (PROVISIONAL), row DAY 11"
2024-05-11T13:00:00Z,1,-279,provisional,https://wdc.kugi.kyoto-u.ac.jp/dst_provisional/202405/index.html,"Hourly Equatorial Dst Values (PROVISIONAL), row DAY 11"
2024-05-11T14:00:00Z,1,-281,provisional,https://wdc.kugi.kyoto-u.ac.jp/dst_provisional/202405/index.html,"Hourly Equatorial Dst Values (PROVISIONAL), row DAY 11"
2024-05-11T15:00:00Z,1,-265,provisional,https://wdc.kugi.kyoto-u.ac.jp/dst_provisional/202405/index.html,"Hourly Equatorial Dst Values (PROVISIONAL), row DAY 11"
2024-05-11T16:00:00Z,1,-270,provisional,https://wdc.kugi.kyoto-u.ac.jp/dst_provisional/202405/index.html,"Hourly Equatorial Dst Values (PROVISIONAL), row DAY 11"
2024-05-11T17:00:00Z,1,-248,provisional,https://wdc.kugi.kyoto-u.ac.jp/dst_provisional/202405/index.html,"Hourly Equatorial Dst Values (PROVISIONAL), row DAY 11"
2024-05-11T18:00:00Z,1,-203,provisional,https://wdc.kugi.kyoto-u.ac.jp/dst_provisional/202405/index.html,"Hourly Equatorial Dst Values (PROVISIONAL), row DAY 11"
2024-05-11T19:00:00Z,1,-198,provisional,https://wdc.kugi.kyoto-u.ac.jp/dst_provisional/202405/index.html,"Hourly Equatorial Dst Values (PROVISIONAL), row DAY 11"
2024-05-11T20:00:00Z,1,-190,provisional,https://wdc.kugi.kyoto-u.ac.jp/dst_provisional/202405/index.html,"Hourly Equatorial Dst Values (PROVISIONAL), row DAY 11"
2024-05-11T21:00:00Z,1,-169,provisional,https://wdc.kugi.kyoto-u.ac.jp/dst_provisional/202405/index.html,"Hourly Equatorial Dst Values (PROVISIONAL), row DAY 11"
2024-05-11T22:00:00Z,1,-157,provisional,https://wdc.kugi.kyoto-u.ac.jp/dst_provisional/202405/index.html,"Hourly Equatorial Dst Values (PROVISIONAL), row DAY 11"
2024-05-11T23:00:00Z,1,-167,provisional,https://wdc.kugi.kyoto-u.ac.jp/dst_provisional/202405/index.html,"Hourly Equatorial Dst Values (PROVISIONAL), row DAY 11"
2024-05-12T00:00:00Z,1,-150,provisional,https://wdc.kugi.kyoto-u.ac.jp/dst_provisional/202405/index.html,"Hourly Equatorial Dst Values (PROVISIONAL), row DAY 12"
2024-05-12T01:00:00Z,1,-142,provisional,https://wdc.kugi.kyoto-u.ac.jp/dst_provisional/202405/index.html,"Hourly Equatorial Dst Values (PROVISIONAL), row DAY 12"
2024-05-12T02:00:00Z,1,-135,provisional,https://wdc.kugi.kyoto-u.ac.jp/dst_provisional/202405/index.html,"Hourly Equatorial Dst Values (PROVISIONAL), row DAY 12"
2024-05-12T03:00:00Z,1,-138,provisional,https://wdc.kugi.kyoto-u.ac.jp/dst_provisional/202405/index.html,"Hourly Equatorial Dst Values (PROVISIONAL), row DAY 12"
2024-05-12T04:00:00Z,1,-138,provisional,https://wdc.kugi.kyoto-u.ac.jp/dst_provisional/202405/index.html,"Hourly Equatorial Dst Values (PROVISIONAL), row DAY 12"
2024-05-12T05:00:00Z,1,-143,provisional,https://wdc.kugi.kyoto-u.ac.jp/dst_provisional/202405/index.html,"Hourly Equatorial Dst Values (PROVISIONAL), row DAY 12"
2024-05-12T06:00:00Z,1,-132,provisional,https://wdc.kugi.kyoto-u.ac.jp/dst_provisional/202405/index.html,"Hourly Equatorial Dst Values (PROVISIONAL), row DAY 12"
2024-05-12T07:00:00Z,1,-132,provisional,https://wdc.kugi.kyoto-u.ac.jp/dst_provisional/202405/index.html,"Hourly Equatorial Dst Values (PROVISIONAL), row DAY 12"
2024-05-12T08:00:00Z,1,-131,provisional,https://wdc.kugi.kyoto-u.ac.jp/dst_provisional/202405/index.html,"Hourly Equatorial Dst Values (PROVISIONAL), row DAY 12"
2024-05-12T09:00:00Z,1,-114,provisional,https://wdc.kugi.kyoto-u.ac.jp/dst_provisional/202405/index.html,"Hourly Equatorial Dst Values (PROVISIONAL), row DAY 12"
2024-05-12T10:00:00Z,1,-104,provisional,https://wdc.kugi.kyoto-u.ac.jp/dst_provisional/202405/index.html,"Hourly Equatorial Dst Values (PROVISIONAL), row DAY 12"
2024-05-12T11:00:00Z,1,-108,provisional,https://wdc.kugi.kyoto-u.ac.jp/dst_provisional/202405/index.html,"Hourly Equatorial Dst Values (PROVISIONAL), row DAY 12"
2024-05-12T12:00:00Z,1,-108,provisional,https://wdc.kugi.kyoto-u.ac.jp/dst_provisional/202405/index.html,"Hourly Equatorial Dst Values (PROVISIONAL), row DAY 12"
2024-05-12T13:00:00Z,1,-104,provisional,https://wdc.kugi.kyoto-u.ac.jp/dst_provisional/202405/index.html,"Hourly Equatorial Dst Values (PROVISIONAL), row DAY 12"
2024-05-12T14:00:00Z,1,-102,provisional,https://wdc.kugi.kyoto-u.ac.jp/dst_provisional/202405/index.html,"Hourly Equatorial Dst Values (PROVISIONAL), row DAY 12"
2024-05-12T15:00:00Z,1,-96,provisional,https://wdc.kugi.kyoto-u.ac.jp/dst_provisional/202405/index.html,"Hourly Equatorial Dst Values (PROVISIONAL), row DAY 12"
2024-05-12T16:00:00Z,1,-97,provisional,https://wdc.kugi.kyoto-u.ac.jp/dst_provisional/202405/index.html,"Hourly Equatorial Dst Values (PROVISIONAL), row DAY 12"
2024-05-12T17:00:00Z,1,-93,provisional,https://wdc.kugi.kyoto-u.ac.jp/dst_provisional/202405/index.html,"Hourly Equatorial Dst Values (PROVISIONAL), row DAY 12"
2024-05-12T18:00:00Z,1,-87,provisional,https://wdc.kugi.kyoto-u.ac.jp/dst_provisional/202405/index.html,"Hourly Equatorial Dst Values (PROVISIONAL), row DAY 12"
2024-05-12T19:00:00Z,1,-82,provisional,https://wdc.kugi.kyoto-u.ac.jp/dst_provisional/202405/index.html,"Hourly Equatorial Dst Values (PROVISIONAL), row DAY 12"
2024-05-12T20:00:00Z,1,-75,provisional,https://wdc.kugi.kyoto-u.ac.jp/dst_provisional/202405/index.html,"Hourly Equatorial Dst Values (PROVISIONAL), row DAY 12"
2024-05-12T21:00:00Z,1,-77,provisional,https://wdc.kugi.kyoto-u.ac.jp/dst_provisional/202405/index.html,"Hourly Equatorial Dst Values (PROVISIONAL), row DAY 12"
2024-05-12T22:00:00Z,1,-86,provisional,https://wdc.kugi.kyoto-u.ac.jp/dst_provisional/202405/index.html,"Hourly Equatorial Dst Values (PROVISIONAL), row DAY 12"
2024-05-12T23:00:00Z,1,-81,provisional,https://wdc.kugi.kyoto-u.ac.jp/dst_provisional/202405/index.html,"Hourly Equatorial Dst Values (PROVISIONAL), row DAY 12"
2024-05-13T00:00:00Z,1,-74,provisional,https://wdc.kugi.kyoto-u.ac.jp/dst_provisional/202405/index.html,"Hourly Equatorial Dst Values (PROVISIONAL), row DAY 13"
2024-05-13T01:00:00Z,1,-76,provisional,https://wdc.kugi.kyoto-u.ac.jp/dst_provisional/202405/index.html,"Hourly Equatorial Dst Values (PROVISIONAL), row DAY 13"
2024-05-13T02:00:00Z,1,-83,provisional,https://wdc.kugi.kyoto-u.ac.jp/dst_provisional/202405/index.html,"Hourly Equatorial Dst Values (PROVISIONAL), row DAY 13"
2024-05-13T03:00:00Z,1,-88,provisional,https://wdc.kugi.kyoto-u.ac.jp/dst_provisional/202405/index.html,"Hourly Equatorial Dst Values (PROVISIONAL), row DAY 13"
2024-05-13T04:00:00Z,1,-93,provisional,https://wdc.kugi.kyoto-u.ac.jp/dst_provisional/202405/index.html,"Hourly Equatorial Dst Values (PROVISIONAL), row DAY 13"
2024-05-13T05:00:00Z,1,-86,provisional,https://wdc.kugi.kyoto-u.ac.jp/dst_provisional/202405/index.html,"Hourly Equatorial Dst Values (PROVISIONAL), row DAY 13"
2024-05-13T06:00:00Z,1,-84,provisional,https://wdc.kugi.kyoto-u.ac.jp/dst_provisional/202405/index.html,"Hourly Equatorial Dst Values (PROVISIONAL), row DAY 13"
2024-05-13T07:00:00Z,1,-67,provisional,https://wdc.kugi.kyoto-u.ac.jp/dst_provisional/202405/index.html,"Hourly Equatorial Dst Values (PROVISIONAL), row DAY 13"
2024-05-13T08:00:00Z,1,-63,provisional,https://wdc.kugi.kyoto-u.ac.jp/dst_provisional/202405/index.html,"Hourly Equatorial Dst Values (PROVISIONAL), row DAY 13"
2024-05-13T09:00:00Z,1,-59,provisional,https://wdc.kugi.kyoto-u.ac.jp/dst_provisional/202405/index.html,"Hourly Equatorial Dst Values (PROVISIONAL), row DAY 13"
2024-05-13T10:00:00Z,1,-57,provisional,https://wdc.kugi.kyoto-u.ac.jp/dst_provisional/202405/index.html,"Hourly Equatorial Dst Values (PROVISIONAL), row DAY 13"
2024-05-13T11:00:00Z,1,-61,provisional,https://wdc.kugi.kyoto-u.ac.jp/dst_provisional/202405/index.html,"Hourly Equatorial Dst Values (PROVISIONAL), row DAY 13"
2024-05-13T12:00:00Z,1,-59,provisional,https://wdc.kugi.kyoto-u.ac.jp/dst_provisional/202405/index.html,"Hourly Equatorial Dst Values (PROVISIONAL), row DAY 13"
2024-05-13T13:00:00Z,1,-63,provisional,https://wdc.kugi.kyoto-u.ac.jp/dst_provisional/202405/index.html,"Hourly Equatorial Dst Values (PROVISIONAL), row DAY 13"
2024-05-13T14:00:00Z,1,-57,provisional,https://wdc.kugi.kyoto-u.ac.jp/dst_provisional/202405/index.html,"Hourly Equatorial Dst Values (PROVISIONAL), row DAY 13"
2024-05-13T15:00:00Z,1,-51,provisional,https://wdc.kugi.kyoto-u.ac.jp/dst_provisional/202405/index.html,"Hourly Equatorial Dst Values (PROVISIONAL), row DAY 13"
2024-05-13T16:00:00Z,1,-54,provisional,https://wdc.kugi.kyoto-u.ac.jp/dst_provisional/202405/index.html,"Hourly Equatorial Dst Values (PROVISIONAL), row DAY 13"
2024-05-13T17:00:00Z,1,-55,provisional,https://wdc.kugi.kyoto-u.ac.jp/dst_provisional/202405/index.html,"Hourly Equatorial Dst Values (PROVISIONAL), row DAY 13"
2024-05-13T18:00:00Z,1,-55,provisional,https://wdc.kugi.kyoto-u.ac.jp/dst_provisional/202405/index.html,"Hourly Equatorial Dst Values (PROVISIONAL), row DAY 13"
2024-05-13T19:00:00Z,1,-51,provisional,https://wdc.kugi.kyoto-u.ac.jp/dst_provisional/202405/index.html,"Hourly Equatorial Dst Values (PROVISIONAL), row DAY 13"
2024-05-13T20:00:00Z,1,-48,provisional,https://wdc.kugi.kyoto-u.ac.jp/dst_provisional/202405/index.html,"Hourly Equatorial Dst Values (PROVISIONAL), row DAY 13"
2024-05-13T21:00:00Z,1,-44,provisional,https://wdc.kugi.kyoto-u.ac.jp/dst_provisional/202405/index.html,"Hourly Equatorial Dst Values (PROVISIONAL), row DAY 13"
2024-05-13T22:00:00Z,1,-43,provisional,https://wdc.kugi.kyoto-u.ac.jp/dst_provisional/202405/index.html,"Hourly Equatorial Dst Values (PROVISIONAL), row DAY 13"
2024-05-13T23:00:00Z,1,-46,provisional,https://wdc.kugi.kyoto-u.ac.jp/dst_provisional/202405/index.html,"Hourly Equatorial Dst Values (PROVISIONAL), row DAY 13"
2024-05-14T00:00:00Z,1,-45,provisional,https://wdc.kugi.kyoto-u.ac.jp/dst_provisional/202405/index.html,"Hourly Equatorial Dst Values (PROVISIONAL), row DAY 14"
2024-05-14T01:00:00Z,1,-48,provisional,https://wdc.kugi.kyoto-u.ac.jp/dst_provisional/202405/index.html,"Hourly Equatorial Dst Values (PROVISIONAL), row DAY 14"
2024-05-14T02:00:00Z,1,-49,provisional,https://wdc.kugi.kyoto-u.ac.jp/dst_provisional/202405/index.html,"Hourly Equatorial Dst Values (PROVISIONAL), row DAY 14"
2024-05-14T03:00:00Z,1,-51,provisional,https://wdc.kugi.kyoto-u.ac.jp/dst_provisional/202405/index.html,"Hourly Equatorial Dst Values (PROVISIONAL), row DAY 14"
2024-05-14T04:00:00Z,1,-46,provisional,https://wdc.kugi.kyoto-u.ac.jp/dst_provisional/202405/index.html,"Hourly Equatorial Dst Values (PROVISIONAL), row DAY 14"
2024-05-14T05:00:00Z,1,-42,provisional,https://wdc.kugi.kyoto-u.ac.jp/dst_provisional/202405/index.html,"Hourly Equatorial Dst Values (PROVISIONAL), row DAY 14"
2024-05-14T06:00:00Z,1,-41,provisional,https://wdc.kugi.kyoto-u.ac.jp/dst_provisional/202405/index.html,"Hourly Equatorial Dst Values (PROVISIONAL), row DAY 14"
2024-05-14T07:00:00Z,1,-43,provisional,https://wdc.kugi.kyoto-u.ac.jp/dst_provisional/202405/index.html,"Hourly Equatorial Dst Values (PROVISIONAL), row DAY 14"
2024-05-14T08:00:00Z,1,-46,provisional,https://wdc.kugi.kyoto-u.ac.jp/dst_provisional/202405/index.html,"Hourly Equatorial Dst Values (PROVISIONAL), row DAY 14"
2024-05-14T09:00:00Z,1,-49,provisional,https://wdc.kugi.kyoto-u.ac.jp/dst_provisional/202405/index.html,"Hourly Equatorial Dst Values (PROVISIONAL), row DAY 14"
2024-05-14T10:00:00Z,1,-51,provisional,https://wdc.kugi.kyoto-u.ac.jp/dst_provisional/202405/index.html,"Hourly Equatorial Dst Values (PROVISIONAL), row DAY 14"
2024-05-14T11:00:00Z,1,-53,provisional,https://wdc.kugi.kyoto-u.ac.jp/dst_provisional/202405/index.html,"Hourly Equatorial Dst Values (PROVISIONAL), row DAY 14"
2024-05-14T12:00:00Z,1,-54,provisional,https://wdc.kugi.kyoto-u.ac.jp/dst_provisional/202405/index.html,"Hourly Equatorial Dst Values (PROVISIONAL), row DAY 14"
2024-05-14T13:00:00Z,1,-48,provisional,https://wdc.kugi.kyoto-u.ac.jp/dst_provisional/202405/index.html,"Hourly Equatorial Dst Values (PROVISIONAL), row DAY 14"
2024-05-14T14:00:00Z,1,-45,provisional,https://wdc.kugi.kyoto-u.ac.jp/dst_provisional/202405/index.html,"Hourly Equatorial Dst Values (PROVISIONAL), row DAY 14"
2024-05-14T15:00:00Z,1,-44,provisional,https://wdc.kugi.kyoto-u.ac.jp/dst_provisional/202405/index.html,"Hourly Equatorial Dst Values (PROVISIONAL), row DAY 14"
2024-05-14T16:00:00Z,1,-42,provisional,https://wdc.kugi.kyoto-u.ac.jp/dst_provisional/202405/index.html,"Hourly Equatorial Dst Values (PROVISIONAL), row DAY 14"
2024-05-14T17:00:00Z,1,-42,provisional,https://wdc.kugi.kyoto-u.ac.jp/dst_provisional/202405/index.html,"Hourly Equatorial Dst Values (PROVISIONAL), row DAY 14"
2024-05-14T18:00:00Z,1,-45,provisional,https://wdc.kugi.kyoto-u.ac.jp/dst_provisional/202405/index.html,"Hourly Equatorial Dst Values (PROVISIONAL), row DAY 14"
2024-05-14T19:00:00Z,1,-44,provisional,https://wdc.kugi.kyoto-u.ac.jp/dst_provisional/202405/index.html,"Hourly Equatorial Dst Values (PROVISIONAL), row DAY 14"
2024-05-14T20:00:00Z,1,-41,provisional,https://wdc.kugi.kyoto-u.ac.jp/dst_provisional/202405/index.html,"Hourly Equatorial Dst Values (PROVISIONAL), row DAY 14"
2024-05-14T21:00:00Z,1,-39,provisional,https://wdc.kugi.kyoto-u.ac.jp/dst_provisional/202405/index.html,"Hourly Equatorial Dst Values (PROVISIONAL), row DAY 14"
2024-05-14T22:00:00Z,1,-38,provisional,https://wdc.kugi.kyoto-u.ac.jp/dst_provisional/202405/index.html,"Hourly Equatorial Dst Values (PROVISIONAL), row DAY 14"
2024-05-14T23:00:00Z,1,-41,provisional,https://wdc.kugi.kyoto-u.ac.jp/dst_provisional/202405/index.html,"Hourly Equatorial Dst Values (PROVISIONAL), row DAY 14"
2024-05-15T00:00:00Z,1,-42,provisional,https://wdc.kugi.kyoto-u.ac.jp/dst_provisional/202405/index.html,"Hourly Equatorial Dst Values (PROVISIONAL), row DAY 15"
2024-05-15T01:00:00Z,1,-40,provisional,https://wdc.kugi.kyoto-u.ac.jp/dst_provisional/202405/index.html,"Hourly Equatorial Dst Values (PROVISIONAL), row DAY 15"
2024-05-15T02:00:00Z,1,-39,provisional,https://wdc.kugi.kyoto-u.ac.jp/dst_provisional/202405/index.html,"Hourly Equatorial Dst Values (PROVISIONAL), row DAY 15"
2024-05-15T03:00:00Z,1,-39,provisional,https://wdc.kugi.kyoto-u.ac.jp/dst_provisional/202405/index.html,"Hourly Equatorial Dst Values (PROVISIONAL), row DAY 15"
2024-05-15T04:00:00Z,1,-32,provisional,https://wdc.kugi.kyoto-u.ac.jp/dst_provisional/202405/index.html,"Hourly Equatorial Dst Values (PROVISIONAL), row DAY 15"
2024-05-15T05:00:00Z,1,-30,provisional,https://wdc.kugi.kyoto-u.ac.jp/dst_provisional/202405/index.html,"Hourly Equatorial Dst Values (PROVISIONAL), row DAY 15"
2024-05-15T06:00:00Z,1,-33,provisional,https://wdc.kugi.kyoto-u.ac.jp/dst_provisional/202405/index.html,"Hourly Equatorial Dst Values (PROVISIONAL), row DAY 15"
2024-05-15T07:00:00Z,1,-35,provisional,https://wdc.kugi.kyoto-u.ac.jp/dst_provisional/202405/index.html,"Hourly Equatorial Dst Values (PROVISIONAL), row DAY 15"
2024-05-15T08:00:00Z,1,-33,provisional,https://wdc.kugi.kyoto-u.ac.jp/dst_provisional/202405/index.html,"Hourly Equatorial Dst Values (PROVISIONAL), row DAY 15"
2024-05-15T09:00:00Z,1,-33,provisional,https://wdc.kugi.kyoto-u.ac.jp/dst_provisional/202405/index.html,"Hourly Equatorial Dst Values (PROVISIONAL), row DAY 15"
2024-05-15T10:00:00Z,1,-36,provisional,https://wdc.kugi.kyoto-u.ac.jp/dst_provisional/202405/index.html,"Hourly Equatorial Dst Values (PROVISIONAL), row DAY 15"
2024-05-15T11:00:00Z,1,-44,provisional,https://wdc.kugi.kyoto-u.ac.jp/dst_provisional/202405/index.html,"Hourly Equatorial Dst Values (PROVISIONAL), row DAY 15"
2024-05-15T12:00:00Z,1,-46,provisional,https://wdc.kugi.kyoto-u.ac.jp/dst_provisional/202405/index.html,"Hourly Equatorial Dst Values (PROVISIONAL), row DAY 15"
2024-05-15T13:00:00Z,1,-44,provisional,https://wdc.kugi.kyoto-u.ac.jp/dst_provisional/202405/index.html,"Hourly Equatorial Dst Values (PROVISIONAL), row DAY 15"
2024-05-15T14:00:00Z,1,-41,provisional,https://wdc.kugi.kyoto-u.ac.jp/dst_provisional/202405/index.html,"Hourly Equatorial Dst Values (PROVISIONAL), row DAY 15"
2024-05-15T15:00:00Z,1,-40,provisional,https://wdc.kugi.kyoto-u.ac.jp/dst_provisional/202405/index.html,"Hourly Equatorial Dst Values (PROVISIONAL), row DAY 15"
2024-05-15T16:00:00Z,1,-40,provisional,https://wdc.kugi.kyoto-u.ac.jp/dst_provisional/202405/index.html,"Hourly Equatorial Dst Values (PROVISIONAL), row DAY 15"
2024-05-15T17:00:00Z,1,-38,provisional,https://wdc.kugi.kyoto-u.ac.jp/dst_provisional/202405/index.html,"Hourly Equatorial Dst Values (PROVISIONAL), row DAY 15"
2024-05-15T18:00:00Z,1,-32,provisional,https://wdc.kugi.kyoto-u.ac.jp/dst_provisional/202405/index.html,"Hourly Equatorial Dst Values (PROVISIONAL), row DAY 15"
2024-05-15T19:00:00Z,1,-32,provisional,https://wdc.kugi.kyoto-u.ac.jp/dst_provisional/202405/index.html,"Hourly Equatorial Dst Values (PROVISIONAL), row DAY 15"
2024-05-15T20:00:00Z,1,-36,provisional,https://wdc.kugi.kyoto-u.ac.jp/dst_provisional/202405/index.html,"Hourly Equatorial Dst Values (PROVISIONAL), row DAY 15"
2024-05-15T21:00:00Z,1,-42,provisional,https://wdc.kugi.kyoto-u.ac.jp/dst_provisional/202405/index.html,"Hourly Equatorial Dst Values (PROVISIONAL), row DAY 15"
2024-05-15T22:00:00Z,1,-44,provisional,https://wdc.kugi.kyoto-u.ac.jp/dst_provisional/202405/index.html,"Hourly Equatorial Dst Values (PROVISIONAL), row DAY 15"
2024-05-15T23:00:00Z,1,-49,provisional,https://wdc.kugi.kyoto-u.ac.jp/dst_provisional/202405/index.html,"Hourly Equatorial Dst Values (PROVISIONAL), row DAY 15"
